file_id,mc_pred,bin
955626057818622,0.9898452611218569,10
872253616155867,0.0,0
890680680979827,0.0,0
1023909324323628,0.0013123359580052493,1
976053505775877,0.0,0
1005621389485755,0.003028009084027252,1
1036632466384647,0.033482142857142856,1
857118424336053,0.01179245283018868,1
831487260232503,0.0,0
909357209112174,0.015281114848630466,1
849715931742969,0.01179245283018868,1
880674208647141,0.033482142857142856,1
872253949489167,0.033482142857142856,1
851875588193670,0.010101010101010102,1
903497466364815,0.9898452611218569,10
929255597122335,0.9947678221059516,10
1010226705691890,0.0,0
937113596336535,0.0,0
923072614407300,0.01179245283018868,1
857114571003105,0.9857019064124783,10
939762696071625,0.0,0
948443881870173,0.015281114848630466,1
904759232905305,0.015281114848630466,1
867837059930856,0.9857019064124783,10
999433063437921,0.9857019064124783,10
892311107483451,0.0013123359580052493,1
904767589571136,1.0,10
903815562999672,0.9857019064124783,10
920633364651225,0.0,0
876736682374227,0.9857019064124783,10
926706467377248,0.9857019064124783,10
929252680455960,0.015281114848630466,1
892310774150151,0.9898452611218569,10
962272697153958,0.9898452611218569,10
972604359454125,0.01179245283018868,1
801886153192614,0.010101010101010102,1
783150478399515,0.01179245283018868,1
1005623722818855,0.010101010101010102,1
957666490947912,0.015281114848630466,1
914677321913496,0.01179245283018868,1
843472359033993,0.0,0
903836662997562,0.9947678221059516,10
1021706931210534,0.0,0
808920612489168,0.013100436681222707,1
822598501121379,0.015281114848630466,1
839492582765304,0.010101010101010102,1
995022373878990,0.0,0
1025514344163126,0.015281114848630466,1
799112616803301,0.9898452611218569,10
965696420144919,0.9857019064124783,10
964277186953509,0.015281114848630466,1
836053536442542,0.003028009084027252,1
909355535779008,0.9857019064124783,10
981739055207322,0.0,0
1035221216525772,0.0013123359580052493,1
991112214270006,0.9857019064124783,10
958996170814944,0.0013123359580052493,1
1010224732358754,1.0,10
965694760145085,0.015281114848630466,1
967852869929274,0.9857019064124783,10
890683460979549,1.0,10
890683074312921,0.9947678221059516,10
903836916330870,0.033482142857142856,1
965695743478320,0.0,0
903830146331547,0.0,0
926702344044327,0.015281114848630466,1
962272110487350,0.015281114848630466,1
904767319571163,0.013100436681222707,1
969078036473424,1.0,10
790694077645155,0.015281114848630466,1
941421959239032,0.015281114848630466,1
1040438626004031,0.01179245283018868,1
985491108165450,0.9992887624466572,10
843821348999094,0.015281114848630466,1
985491531498741,0.9947678221059516,10
906138396100722,1.0,10
836051676442728,0.0,0
903838772997351,0.9898452611218569,10
1021710967876797,1.0,10
1036635499717677,0.0,0
1021710314543529,0.9857019064124783,10
961240473923847,0.015281114848630466,1
827632573951305,0.015281114848630466,1
876167385764490,0.9898452611218569,10
859686607412568,0.01179245283018868,1
991115924269635,0.003028009084027252,1
790693980978498,0.9947678221059516,10
1036634413051119,0.015281114848630466,1
854890771225485,0.01179245283018868,1
957664840948077,0.010101010101010102,1
885253048189257,0.0013123359580052493,1
903838332997395,0.015281114848630466,1
884040561643839,0.0,0
995029070544987,0.015281114848630466,1
885254374855791,0.0013123359580052493,1
947270621987499,0.9857019064124783,10
890680560979839,0.015281114848630466,1
909356979112197,0.015281114848630466,1
983655365015691,0.015281114848630466,1
876167559097806,0.015281114848630466,1
877861212261774,0.01179245283018868,1
846003795447516,0.0013123359580052493,1
892310684150160,0.015281114848630466,1
987407914640436,0.9947678221059516,10
999431726771388,0.033482142857142856,1
892310254150203,0.0,0
906142686100293,0.9857019064124783,10
1018054044909156,0.0,0
969072446473983,0.9857019064124783,10
906143112766917,0.0,0
912870115427550,0.015281114848630466,1
859682970746265,0.9857019064124783,10
962272343820660,0.015281114848630466,1
931207506927144,0.9898452611218569,10
1010226499025244,0.003028009084027252,1
811947888853107,1.0,10
1038831612831399,0.0,0
859681427413086,0.9857019064124783,10
903830452998183,0.010101010101010102,1
846001448781084,1.0,10
903501246364437,0.9898452611218569,10
859685100746052,1.0,10
916293355085226,0.0,0
890661610981734,0.9947678221059516,10
918153884899173,0.0,0
942509509130277,0.015281114848630466,1
867836283264267,0.0,0
985490604832167,1.0,10
1035221193192441,0.0,0
827635480617681,0.0013123359580052493,1
919184531462775,0.0,0
948446858536542,0.0,0
919185444796017,0.015281114848630466,1
815007055213857,0.033482142857142856,1
914677085246853,0.015281114848630466,1
958995107481717,0.015281114848630466,1
903500056364556,1.0,10
906137189434176,0.9857019064124783,10
920634471317781,0.9857019064124783,10
921662611214967,1.0,10
903827319665163,0.9898452611218569,10
919184671462761,0.0013123359580052493,1
903819006332661,0.033482142857142856,1
926706740710554,0.01179245283018868,1
805428452838384,0.015281114848630466,1
916293705085191,0.010101010101010102,1
928178033896758,0.0,0
857113604336535,0.9857019064124783,10
1020281538019740,0.9857019064124783,10
955626371151924,0.0,0
1040442702670290,0.033482142857142856,1
824097480971481,0.9947678221059516,10
995028933878334,0.0,0
1033097336738160,0.015281114848630466,1
801886559859240,0.9857019064124783,10
1038833189497908,0.9947678221059516,10
948444235203471,0.01179245283018868,1
1018055211575706,0.0,0
903838482997380,0.0013123359580052493,1
903837996330762,0.01179245283018868,1
985486278165933,0.01179245283018868,1
912872942093934,0.0,0
997077483673479,0.015281114848630466,1
987406171307277,0.0,0
912872752093953,0.9857019064124783,10
843472549033974,0.010101010101010102,1
979902272057667,0.0,0
859682437412985,0.033482142857142856,1
931813846866510,0.0,0
1035220776525816,0.0013123359580052493,1
890682974312931,0.0,0
991115587603002,0.0,0
916285448419350,0.9992887624466572,10
887414304639798,0.9992887624466572,10
947272075320687,0.015281114848630466,1
906137192767509,0.015281114848630466,1
939759846071910,0.01179245283018868,1
999436870104207,1.0,10
1023906690990558,0.0,0
876169652430930,0.9992887624466572,10
920635707984324,0.0,0
1035223079858919,1.0,10
890665420981353,0.033482142857142856,1
937116516336243,0.015281114848630466,1
941423269238901,0.01179245283018868,1
487180058150297,0.9898452611218569,10
417248828476754,0.9857019064124783,10
368551140013190,0.9857019064124783,10
454566421411661,0.9898452611218569,10
423134344554869,0.9727047146401985,10
400314390170198,1.0,10
458702324331404,0.9857019064124783,10
340685772799727,0.0013123359580052493,1
432636273604676,0.0,0
494505337417769,0.015281114848630466,1
413246592210311,1.0,10
434345873433716,0.0,0
492122154322754,0.015281114848630466,1
432635843604719,0.0013123359580052493,1
399325126935791,0.0,0
378287795706191,0.9857019064124783,10
403191519882485,1.0,10
360450307489940,0.9857019064124783,10
387012054833765,0.9857019064124783,10
479359005599069,0.015281114848630466,1
382782361923401,0.010101010101010102,1
321932871341684,1.0,10
450399451828358,0.015281114848630466,1
492111774323792,0.9992887624466572,10
360452067489764,0.0013123359580052493,1
458704317664538,1.0,10
424773177724319,0.0,0
370300463171591,1.0,10
390326617835642,0.015281114848630466,1
407408989460738,1.0,10
421221464746157,0.015281114848630466,1
493588164176153,0.0,0
419746734893630,0.015281114848630466,1
468423076692662,0.015281114848630466,1
456864221181881,0.0,0
411660022368968,0.015281114848630466,1
413958232139147,0.9898452611218569,10
463062207228749,0.9727047146401985,10
474612286073741,1.0,10
380921042109533,0.9857019064124783,10
321933198008318,0.015281114848630466,1
452503944951242,0.9947678221059516,10
324207107780927,0.0013123359580052493,1
437751623093141,0.015281114848630466,1
417248465143457,0.0,0
429363410598629,0.0013123359580052493,1
462246330643670,0.9857019064124783,10
475606959307607,1.0,10
407404929461144,0.9898452611218569,10
472222416312728,0.9727047146401985,10
478028909065412,0.015281114848630466,1
419752521559718,0.015281114848630466,1
411654542369516,0.9857019064124783,10
413960388805598,0.015281114848630466,1
413959668805670,0.015281114848630466,1
489446931256943,0.015281114848630466,1
430966233771680,1.0,10
410529292482041,1.0,10
427875557414081,1.0,10
467037153497921,0.9857019064124783,10
396587470542890,1.0,10
416171171917853,0.9857019064124783,10
328656060669365,0.0,0
394027010798936,0.015281114848630466,1
458701297664840,0.0,0
416168461918124,1.0,10
472224242979212,0.9992887624466572,10
387012654833705,0.0,0
378289755705995,0.9898452611218569,10
370297569838547,0.01179245283018868,1
417245145143789,0.9857019064124783,10
421222254746078,0.9898452611218569,10
449588841909419,0.0013123359580052493,1
435356903332613,0.015281114848630466,1
463063657228604,0.9857019064124783,10
343129529222018,1.0,10
409308769270760,0.0,0
475607075974262,0.015281114848630466,1
465550580313245,1.0,10
345798542288450,0.01179245283018868,1
452505618284408,1.0,10
468422553359381,0.9857019064124783,10
492111064323863,0.0,0
406636239538013,0.9857019064124783,10
454572151411088,0.9898452611218569,10
399325616935742,0.015281114848630466,1
448364558698514,0.015281114848630466,1
368551660013138,0.015281114848630466,1
404362459765391,0.0013123359580052493,1
399331110268526,0.010101010101010102,1
360452624156375,1.0,10
351679628367008,1.0,10
430964077105229,0.9857019064124783,10
417983445069959,1.0,10
403187119882925,0.9857019064124783,10
423131951221775,0.015281114848630466,1
416168985251405,0.015281114848630466,1
435357489999221,0.0,0
374841552717482,0.015281114848630466,1
428675774000726,0.0,0
445398098995160,0.9857019064124783,10
390326297835674,0.015281114848630466,1
477085385826431,0.9857019064124783,10
398454593689511,0.015281114848630466,1
452506298284340,0.033482142857142856,1
468419556693014,0.9857019064124783,10
351679445033693,1.0,10
354362964765341,0.01179245283018868,1
474635009404802,1.0,10
407405976127706,0.015281114848630466,1
409307035937600,0.9947678221059516,10
428673477334289,1.0,10
426264437575193,1.0,10
463060473895589,0.015281114848630466,1
357530377781933,0.015281114848630466,1
371456073056030,0.0,0
442050875996549,0.9857019064124783,10
450395621828741,0.9857019064124783,10
360453907489580,0.003028009084027252,1
462242920644011,1.0,10
338180983050206,1.0,10
410533142481656,0.015281114848630466,1
390328941168743,0.015281114848630466,1
397292900472347,0.033482142857142856,1
438758359659134,0.9898452611218569,10
403187266549577,0.033482142857142856,1
425646240970346,0.015281114848630466,1
481605725374397,0.9992887624466572,10
385294468338857,0.015281114848630466,1
423136794554624,0.003028009084027252,1
446231315578505,1.0,10
445397985661838,1.0,10
407407722794198,0.9947678221059516,10
421222861412684,0.9992887624466572,10
462248543976782,0.015281114848630466,1
479355218932781,0.9727047146401985,10
382783071923330,0.010101010101010102,1
338181036383534,0.015281114848630466,1
439494896252147,0.015281114848630466,1
432635953604708,0.9857019064124783,10
385297198338584,0.0,0
472226002979036,0.0013123359580052493,1
348871961981108,0.01179245283018868,1
477087482492888,0.015281114848630466,1
439499062918397,0.9947678221059516,10
403192189882418,1.0,10
388228441378793,0.015281114848630466,1
425648504303453,1.0,10
424772607724376,1.0,10
404360586432245,1.0,10
479356828932620,0.01179245283018868,1
430311330503837,0.9947678221059516,10
446225728912397,0.015281114848630466,1
405231826345121,0.01179245283018868,1
474614369406866,0.0,0
425647770970193,0.0,0
419750581559912,1.0,10
369508309917473,0.9857019064124783,10
427875617414075,0.010101010101010102,1
402502993284671,1.0,10
388223334712637,0.015281114848630466,1
351678408367130,0.9857019064124783,10
472224826312487,0.9898452611218569,10
444208082447495,0.0,0
444215089113461,1.0,10
407404926127811,0.013100436681222707,1
437751153093188,0.015281114848630466,1
405236359678001,1.0,10
390327434502227,0.015281114848630466,1
387012678167036,0.9992887624466572,10
403190143215956,0.015281114848630466,1
479356115599358,0.0,0
765870433529020,0.0,0
891091274340268,0.9857019064124783,10
976260392490022,0.015281114848630466,1
989492577833470,0.015281114848630466,1
744695322313198,1.0,10
547184968730902,0.015281114848630466,1
771421936307203,0.0,0
616417641807634,0.015281114848630466,1
864933273622735,1.0,10
683927851723279,0.0,0
834365593346170,1.0,10
736724329776964,0.9898452611218569,10
608945835888148,0.015281114848630466,1
620399961409402,0.003028009084027252,1
853275284788534,0.9992887624466572,10
703817469734317,0.0,0
631267853655946,0.9992887624466572,10
624142421035156,0.0,0
895299590586103,0.0,0
713858238730240,0.0,0
810914122357984,1.0,10
632698943512837,0.0,0
928360740613321,0.0,0
899114996871229,0.0013123359580052493,1
968361706613224,0.033482142857142856,1
886150984834297,0.9947678221059516,10
621930364589695,0.0013123359580052493,1
664042050378526,0.0013123359580052493,1
613931612056237,0.9857019064124783,10
751299954986068,0.015281114848630466,1
618054258310639,0.015281114848630466,1
807154922733904,0.9857019064124783,10
820721138043949,0.9857019064124783,10
669249326524465,1.0,10
688005017982229,0.015281114848630466,1
795426503906746,0.015281114848630466,1
827194537396609,1.0,10
584794294969969,1.0,10
577263775723021,0.015281114848630466,1
978718338910894,0.0,0
904869932962402,0.015281114848630466,1
875097195939676,0.0,0
783560318426698,1.0,10
694149277367803,0.0,0
820728094709920,0.015281114848630466,1
769729729809757,0.9727047146401985,10
893597014089694,0.9898452611218569,10
717435565039174,0.033482142857142856,1
941841855931876,0.015281114848630466,1
875097759272953,0.9898452611218569,10
830700917045971,0.015281114848630466,1
930354620413933,0.0013123359580052493,1
669253496524048,0.0013123359580052493,1
769726963143367,1.0,10
719287014854029,0.015281114848630466,1
891079461008116,0.033482142857142856,1
699463960169668,0.015281114848630466,1
994367224012672,0.015281114848630466,1
604450909670974,0.9857019064124783,10
897625860353476,0.015281114848630466,1
629220130527385,0.015281114848630466,1
873823942733668,0.9947678221059516,10
755855971197133,0.015281114848630466,1
842773125838750,0.9992887624466572,10
797055680410495,0.0,0
642684612514270,1.0,10
875106685938727,0.015281114848630466,1
648367748612623,0.0,0
642691615846903,0.033482142857142856,1
753851624730901,0.0,0
618057118310353,0.015281114848630466,1
941860139263381,0.015281114848630466,1
830702140379182,0.0,0
771528136296583,0.01179245283018868,1
866089753507087,0.015281114848630466,1
817294091719987,0.01179245283018868,1
832285060220890,0.0,0
785483821567681,1.0,10
985028678279860,0.033482142857142856,1
726358700813527,1.0,10
564180177031381,0.015281114848630466,1
671391236310274,1.0,10
584792491636816,0.0,0
728720950577302,0.033482142857142856,1
994367220679339,0.0013123359580052493,1
873825429400186,1.0,10
680264358756295,0.0,0
783563061759757,0.015281114848630466,1
974451232670938,0.9947678221059516,10
738262546289809,0.01179245283018868,1
699461233503274,0.015281114848630466,1
814094082039988,0.013100436681222707,1
960865620696166,0.0,0
873831949399534,0.015281114848630466,1
958240097625385,0.0,0
820717268044336,0.015281114848630466,1
746645885451475,0.0,0
967359933380068,0.9727047146401985,10
822211794561550,0.033482142857142856,1
895296987253030,0.01179245283018868,1
636712489778149,0.015281114848630466,1
932718413510887,1.0,10
815546361894760,0.015281114848630466,1
989488877833840,0.003028009084027252,1
676803019102429,0.9992887624466572,10
694152900700774,0.015281114848630466,1
579325928850139,0.033482142857142856,1
916313355151393,1.0,10
851547998294596,1.0,10
872217646227631,0.015281114848630466,1
769730463143017,0.033482142857142856,1
676806749102056,0.0013123359580052493,1
717441415038589,1.0,10
740825919366805,0.015281114848630466,1
798889206893809,0.9857019064124783,10
781730745276322,0.033482142857142856,1
655579701224761,1.0,10
835701166545946,0.0,0
969916599791068,0.015281114848630466,1
759813884134675,0.0,0
974429672673094,0.015281114848630466,1
906505222798873,0.0,0
887600081356054,0.013100436681222707,1
678805405568857,0.015281114848630466,1
753854221397308,0.0,0
980644295384965,0.0,0
899118650204197,0.9947678221059516,10
928388490610546,1.0,10
688005271315537,0.015281114848630466,1
810909195691810,0.033482142857142856,1
731894843593246,0.015281114848630466,1
820716638044399,0.0,0
646102538839144,0.003028009084027252,1
876775449105184,0.9992887624466572,10
653388948110503,1.0,10
828761360573260,0.015281114848630466,1
611111619004903,1.0,10
895291950586867,1.0,10
746642725451791,1.0,10
886151728167556,0.01179245283018868,1
904876406295088,0.0,0
976267072489354,0.9857019064124783,10
934486080000787,0.015281114848630466,1
936723506443711,0.033482142857142856,1
785487811567282,0.9857019064124783,10
688002861315778,0.015281114848630466,1
858804690902260,1.0,10
878062515643144,0.0,0
917948508321211,0.0,0
697853730330691,0.0,0
763830157066381,0.0,0
903032056479523,0.033482142857142856,1
912516295531099,0.0,0
835703619879034,0.015281114848630466,1
695734690542595,0.003028009084027252,1
815545141894882,0.0013123359580052493,1
765879386861458,1.0,10
607228352726563,0.0013123359580052493,1
624142934368438,0.015281114848630466,1
971763302939731,0.015281114848630466,1
676806905768707,0.015281114848630466,1
600571686725563,0.0,0
802829016499828,0.9992887624466572,10
839257592856970,0.015281114848630466,1
629220373860694,0.9992887624466572,10
613935372055861,0.015281114848630466,1
887600158022713,0.0,0
565695763546489,0.0,0
777610742354989,0.0,0
944292849020110,0.0013123359580052493,1
962860243830037,0.0,0
897623060353756,0.9947678221059516,10
864935763622486,0.0,0
651774958271902,0.0,0
757885040994226,0.0,0
734478766668187,1.0,10
797056547077075,0.015281114848630466,1
631266146989450,1.0,10
879825472133515,0.015281114848630466,1
808824505900279,0.015281114848630466,1
634932176622847,0.0,0
934483880001007,0.015281114848630466,1
862218687227527,0.9857019064124783,10
879829255466470,0.015281114848630466,1
627804690668929,0.0,0
854416824674380,0.015281114848630466,1
887572968025432,0.01179245283018868,1
815546771894719,0.033482142857142856,1
850063498443046,0.0,0
755851007864296,0.010101010101010102,1
793052014144195,0.015281114848630466,1
613933478722717,0.9857019064124783,10
543900819059317,0.015281114848630466,1
812365572212839,1.0,10
948618308587564,0.0,0
875105369272192,0.033482142857142856,1
804280303021366,0.0,0
613935308722534,0.033482142857142856,1
763824463733617,0.01179245283018868,1
804282716354458,0.9857019064124783,10
558006450982087,1.0,10
651778508271547,0.9992887624466572,10
944292859020109,1.0,10
762160307233366,0.0,0
616414878474577,1.0,10
709233219192742,0.033482142857142856,1
926075124175216,0.0,0
567793756670023,0.9857019064124783,10
691914954257902,0.015281114848630466,1
748908828558514,1.0,10
558007564315309,0.9857019064124783,10
608946615888070,0.0013123359580052493,1
893598930756169,0.0,0
719289161520481,1.0,10
657709054345159,0.0,0
748907588558638,0.033482142857142856,1
669257063190358,0.015281114848630466,1
822213211228075,0.0013123359580052493,1
895294863919909,0.003028009084027252,1
994340447348683,0.015281114848630466,1
882932005156195,0.033482142857142856,1
744696665646397,0.015281114848630466,1
876778342438228,0.0013123359580052493,1
980642908718437,0.9857019064124783,10
767405913375472,0.015281114848630466,1
738262166289847,1.0,10
709236459192418,0.015281114848630466,1
706840396098691,0.015281114848630466,1
882927615156634,1.0,10
640859719363426,0.9857019064124783,10
569675359815196,0.033482142857142856,1
875097229273006,0.0013123359580052493,1
884293588353370,0.0,0
928361830613212,0.0,0
567794876669911,1.0,10
941860612596667,1.0,10
881128565336539,0.9898452611218569,10
921787747937287,0.0,0
648374641945267,0.9992887624466572,10
992538577528870,0.0,0
620405441408854,0.015281114848630466,1
629218400527558,0.015281114848630466,1
660058387443559,0.9898452611218569,10
746646188784778,1.0,10
680264688756262,0.9857019064124783,10
778841445565252,0.033482142857142856,1
751296988319698,0.015281114848630466,1
921787917937270,0.015281114848630466,1
565695420213190,0.9898452611218569,10
835700293212700,0.033482142857142856,1
769724256476971,0.0,0
914163702033025,0.033482142857142856,1
781730405276356,0.0013123359580052493,1
634913886624676,0.0,0
618057434976988,0.015281114848630466,1
853277954788267,0.0,0
678802515569146,1.0,10
571835232932542,0.015281114848630466,1
567793490003383,0.9857019064124783,10
893583154091080,0.0,0
613934935389238,0.0,0
967360400046688,0.003028009084027252,1
787143171401746,0.033482142857142856,1
713862762063121,1.0,10
715923091857088,0.01179245283018868,1
992524974196897,0.9857019064124783,10
590698567712875,0.043478260869565216,1
653389741443757,0.0,0
783563771759686,0.015281114848630466,1
884289575020438,0.0013123359580052493,1
660068864109178,0.0,0
884293168353412,0.015281114848630466,1
664050717044326,0.015281114848630466,1
824061211043275,0.0,0
934485360000859,0.003028009084027252,1
987507534698641,0.0013123359580052493,1
561886910594041,0.0,0
781734071942656,0.0,0
636713166444748,0.0,0
837769079672488,0.015281114848630466,1
558007170982015,1.0,10
660060144110050,0.015281114848630466,1
691933117589419,0.9857019064124783,10
926090490840346,1.0,10
873830026066393,0.9898452611218569,10
757879964328067,0.01179245283018868,1
694148420701222,0.0013123359580052493,1
769723743143689,0.033482142857142856,1
912521068863955,0.015281114848630466,1
598763236906408,0.9857019064124783,10
837773416338721,0.0,0
634931099956288,0.0,0
873830942732968,0.9857019064124783,10
854412574674805,0.015281114848630466,1
850064865109576,0.015281114848630466,1
850070705108992,0.01179245283018868,1
810914055691324,0.0,0
665514546897943,1.0,10
561887850593947,0.0,0
863382983777764,0.0,0
665516540231077,0.033482142857142856,1
897630767019652,0.0,0
755850487864348,0.0,0
632674663515265,0.015281114848630466,1
682237558558975,0.015281114848630466,1
769726756476721,0.0,0
632695800179818,0.0,0
978717638910964,0.033482142857142856,1
881134978669231,0.015281114848630466,1
818745248241538,0.9898452611218569,10
691918830924181,1.0,10
921795454603183,0.003028009084027252,1
920172618098800,0.015281114848630466,1
873831546066241,0.015281114848630466,1
648373921945339,0.0,0
632678190181579,0.010101010101010102,1
956101574505904,0.033482142857142856,1
620403551409043,0.015281114848630466,1
860276117421784,0.015281114848630466,1
810906699025393,0.9992887624466572,10
664039943712070,1.0,10
860273527422043,1.0,10
965555123560549,0.9947678221059516,10
558010700981662,1.0,10
893594557423273,0.015281114848630466,1
629230697192995,0.9898452611218569,10
675127302603334,0.003028009084027252,1
598766186906113,0.0013123359580052493,1
797055323743864,0.9898452611218569,10
669253919857339,0.015281114848630466,1
856133254502737,0.033482142857142856,1
974459342670127,0.033482142857142856,1
736722253110505,1.0,10
569676699815062,0.015281114848630466,1
651778988271499,0.015281114848630466,1
917948721654523,0.0013123359580052493,1
886174264831969,0.0013123359580052493,1
958391810943547,0.0,0
992546694194725,0.0,0
667693466680051,1.0,10
795419843907412,1.0,10
876785919104137,1.0,10
914220528694009,0.015281114848630466,1
944291485686913,0.033482142857142856,1
802823463167050,1.0,10
932722950177100,0.015281114848630466,1
853274748121921,0.0,0
594981443951254,0.015281114848630466,1
753848868064510,0.0,0
845267885589274,1.0,10
676806245768773,0.9857019064124783,10
634917186624346,1.0,10
827203424062387,0.033482142857142856,1
720808178035246,1.0,10
602845723164826,0.0,0
903032246479504,0.015281114848630466,1
631262033656528,0.9898452611218569,10
842770959172300,0.015281114848630466,1
769730753142988,0.0,0
798889796893750,0.0,0
987505814698813,1.0,10
850067251776004,0.9947678221059516,10
837779986338064,1.0,10
746645055451558,0.003028009084027252,1
889551527827576,0.9857019064124783,10
897630980352964,0.9898452611218569,10
565693093546756,0.0,0
604453049670760,0.015281114848630466,1
611115575671174,0.9947678221059516,10
740827476033316,0.01179245283018868,1
798899006892829,0.01179245283018868,1
992524124196982,0.0,0
642692482513483,0.0,0
960874654028596,0.015281114848630466,1
854410574675005,0.9898452611218569,10
731891966926867,1.0,10
713855455397185,0.015281114848630466,1
944296979019697,0.015281114848630466,1
584793928303339,1.0,10
624144651034933,0.015281114848630466,1
967352176714177,0.033482142857142856,1
820719191377477,0.015281114848630466,1
974466589336069,0.015281114848630466,1
746641248785272,1.0,10
640872852695446,0.015281114848630466,1
815549101894486,0.0013123359580052493,1
897630850352977,0.9898452611218569,10
956124087836986,0.0,0
590688051047260,0.0,0
755848717864525,0.015281114848630466,1
956125847836810,1.0,10
787157844733612,0.9727047146401985,10
934481496667912,0.015281114848630466,1
781730291943034,0.9992887624466572,10
824003997715663,0.9898452611218569,10
554592391323493,0.9727047146401985,10
989489691167092,1.0,10
602801963169202,0.9947678221059516,10
951841971598531,0.010101010101010102,1
992546790861382,0.0,0
854438768005519,0.015281114848630466,1
958391614276900,0.015281114848630466,1
884289718353757,1.0,10
822211281228268,0.015281114848630466,1
904867269629335,0.013100436681222707,1
798899410226122,0.9898452611218569,10
697923153657082,0.033482142857142856,1
703817299734334,0.033482142857142856,1
604517122997686,0.0,0
934481673334561,0.0013123359580052493,1
897624343686961,0.010101010101010102,1
832283963554333,0.003028009084027252,1
825455540903842,0.0,0
795426397240090,0.9898452611218569,10
763828963733167,0.015281114848630466,1
691933497589381,0.01179245283018868,1
825457190903677,0.033482142857142856,1
881134325335963,0.010101010101010102,1
547203802062352,0.9947678221059516,10
882933971822665,0.015281114848630466,1
680259492090115,0.003028009084027252,1
632673206848744,0.01179245283018868,1
669249889857742,0.033482142857142856,1
742331442549586,0.9992887624466572,10
841233749326021,0.9857019064124783,10
793057197477010,0.0013123359580052493,1
810906105692119,0.0,0
613932222056176,0.033482142857142856,1
832290556887007,1.0,10
965538450228883,0.015281114848630466,1
655579554558109,0.01179245283018868,1
648369225279142,0.9727047146401985,10
697848440331220,1.0,10
804274359688627,1.0,10
551120208337378,0.015281114848630466,1
644771728972225,0.033482142857142856,1
775358729246857,0.013100436681222707,1
624140031035395,0.9947678221059516,10
706838482765549,0.9992887624466572,10
903022949813767,0.0013123359580052493,1
624146141034784,0.015281114848630466,1
901208376661891,0.033482142857142856,1
682236705225727,0.033482142857142856,1
715926635190067,0.0013123359580052493,1
960889564027105,0.015281114848630466,1
795421550573908,0.015281114848630466,1
891086027674126,0.010101010101010102,1
611091085673623,1.0,10
642682135847851,0.015281114848630466,1
891077661008296,0.0,0
956126281170100,0.0,0
820727344709995,0.015281114848630466,1
712455698870494,0.033482142857142856,1
839266176189445,0.0,0
897631283686267,0.010101010101010102,1
765874900195240,0.015281114848630466,1
613936638722401,0.9857019064124783,10
914216785361050,1.0,10
594980100618055,0.015281114848630466,1
709240072525390,0.033482142857142856,1
775361925913204,0.0013123359580052493,1
773753696074027,0.015281114848630466,1
800391936743536,0.9857019064124783,10
832291386886924,1.0,10
636713249778073,0.015281114848630466,1
719287734853957,0.9992887624466572,10
926084030840992,0.01179245283018868,1
695726960543368,0.033482142857142856,1
827204560728940,0.015281114848630466,1
965537370228991,0.0,0
683930775056320,0.0013123359580052493,1
857292787720117,0.9898452611218569,10
661888863927178,0.015281114848630466,1
930361277079934,0.003028009084027252,1
968362786613116,0.015281114848630466,1
724362557679808,0.015281114848630466,1
956103201172408,0.015281114848630466,1
869065696542826,0.0,0
800403980075665,0.033482142857142856,1
830706363712093,0.9898452611218569,10
921795651269830,0.0013123359580052493,1
872218836227512,0.0,0
983139805135414,0.010101010101010102,1
613934152055983,0.033482142857142856,1
960890134027048,0.033482142857142856,1
751300168319380,0.9992887624466572,10
978725328910195,1.0,10
680260442090020,1.0,10
675127072603357,0.003028009084027252,1
699462963503101,0.015281114848630466,1
814097432039653,0.01179245283018868,1
903026616480067,0.003028009084027252,1
762156310567099,0.015281114848630466,1
651778678271530,0.015281114848630466,1
740830826032981,0.015281114848630466,1
834364466679616,0.015281114848630466,1
787145978068132,0.033482142857142856,1
678802025569195,0.015281114848630466,1
778843938898336,0.0,0
706842249431839,0.0,0
795426123906784,0.015281114848630466,1
917937251655670,1.0,10
862217573894305,0.015281114848630466,1
608944355888296,0.0,0
795422023907194,0.0,0
810904749025588,1.0,10
600584486724283,0.9727047146401985,10
777610692354994,0.003028009084027252,1
804280626354667,0.015281114848630466,1
924314364351292,0.9857019064124783,10
872218576227538,0.033482142857142856,1
921788937937168,0.0,0
827194214063308,0.015281114848630466,1
736725296443534,1.0,10
989493167833411,0.9857019064124783,10
832281523554577,0.015281114848630466,1
820717314710998,0.003028009084027252,1
976238925825502,0.010101010101010102,1
620405391408859,1.0,10
873829582733104,1.0,10
657714157677982,0.010101010101010102,1
881118275337568,0.015281114848630466,1
624145314368200,1.0,10
648366955279369,0.0013123359580052493,1
620401744742557,0.9898452611218569,10
657707227678675,0.015281114848630466,1
600572036725528,0.0,0
810912165691513,0.0013123359580052493,1
719285891520808,1.0,10
620401751409223,0.0,0
780588655390531,0.9857019064124783,10
686243528158378,0.0013123359580052493,1
694093217373409,0.0,0
899116226871106,0.015281114848630466,1
872213706228025,0.9857019064124783,10
717436601705737,0.010101010101010102,1
938654869583908,1.0,10
897625777020151,0.0013123359580052493,1
850064871776242,0.0,0
921816077934454,0.0,0
798900433559353,0.0,0
706832336099497,0.9898452611218569,10
847914201991309,0.033482142857142856,1
795420283907368,0.015281114848630466,1
697853966997334,1.0,10
932724410176954,1.0,10
985048571611204,0.9898452611218569,10
748908128558584,0.9992887624466572,10
936722103110518,0.015281114848630466,1
800405533408843,0.9727047146401985,10
775359982580065,1.0,10
882927135156682,0.015281114848630466,1
797054540410609,0.015281114848630466,1
958239377625457,0.015281114848630466,1
742325075883556,1.0,10
820714868044576,0.003028009084027252,1
804279619688101,0.015281114848630466,1
967351140047614,0.015281114848630466,1
818747168241346,0.010101010101010102,1
921795467936515,0.015281114848630466,1
842792002503529,0.015281114848630466,1
830705833712146,0.015281114848630466,1
867750496674346,1.0,10
886169334832462,0.003028009084027252,1
941858149263580,0.9947678221059516,10
886173274832068,1.0,10
608993389216726,0.9947678221059516,10
891079024341493,0.033482142857142856,1
765879030194827,0.015281114848630466,1
827200044062725,0.0,0
798874890228574,0.01179245283018868,1
824060281043368,0.015281114848630466,1
837780596338003,0.033482142857142856,1
867751000007629,0.015281114848630466,1
994338514015543,0.015281114848630466,1
671389396310458,0.033482142857142856,1
765870583529005,0.003028009084027252,1
869063773209685,0.033482142857142856,1
812361315546598,0.9857019064124783,10
914221168693945,0.003028009084027252,1
932724796843582,0.0013123359580052493,1
863395217109874,0.9857019064124783,10
759812124134851,0.010101010101010102,1
941854139263981,0.9898452611218569,10
985050521611009,1.0,10
636717573110974,0.0,0
734480510001346,0.033482142857142856,1
602801966502535,0.015281114848630466,1
862201717229224,0.0,0
602802406502491,1.0,10
951862974929764,0.033482142857142856,1
904876232961772,0.015281114848630466,1
820728098043253,0.015281114848630466,1
842769035839159,0.0,0
724361491013248,1.0,10
897626780353384,0.0013123359580052493,1
565696690213063,0.0,0
807158032733593,0.015281114848630466,1
841232815992781,0.033482142857142856,1
930355947080467,0.0,0
713856292063768,0.013100436681222707,1
759818794134184,0.9857019064124783,10
987506244698770,0.0,0
695732263876171,0.0013123359580052493,1
759017320897069,0.015281114848630466,1
663644197101049,0.015281114848630466,1
738039696328165,0.9857019064124783,10
733280590137409,0.01179245283018868,1
725060240959444,0.9857019064124783,10
763371550461646,0.033482142857142856,1
739282786203856,0.9898452611218569,10
723796331085835,1.0,10
799827193482748,0.015281114848630466,1
747786218686846,0.9857019064124783,10
673754412756694,0.015281114848630466,1
703028649829270,0.015281114848630466,1
730099483788853,0.9857019064124783,10
760321357433332,0.9947678221059516,10
641667372632065,0.0,0
713077438824391,0.015281114848630466,1
708658042599664,1.0,10
613986262066843,0.015281114848630466,1
691394644326004,0.015281114848630466,1
726057957526339,0.015281114848630466,1
826780814120719,0.0,0
705491652916303,0.010101010101010102,1
726057830859685,0.015281114848630466,1
760322347433233,0.015281114848630466,1
824818080983659,0.9857019064124783,10
721581684640633,0.033482142857142856,1
738038232994978,0.9857019064124783,10
762277617237706,0.015281114848630466,1
641667855965350,0.9857019064124783,10
742763849189083,0.0,0
757299584402176,0.0,0
769991293133005,0.9857019064124783,10
706780552787413,1.0,10
699981916800610,0.015281114848630466,1
658753530923449,1.0,10
710062669125868,0.9898452611218569,10
706776236121178,0.9857019064124783,10
720654584733343,0.015281114848630466,1
703026843162784,0.9857019064124783,10
688602767938525,0.01179245283018868,1
779654182166716,0.015281114848630466,1
720656504733151,0.033482142857142856,1
634946513304151,0.015281114848630466,1
821322981333169,0.0,0
725060980959370,0.015281114848630466,1
833367313462069,1.0,10
713078455490956,0.015281114848630466,1
718055164993285,0.015281114848630466,1
705490559583079,0.0,0
829996583799142,0.0,0
630935537038582,0.9947678221059516,10
688585921273543,0.015281114848630466,1
655848047880664,0.9947678221059516,10
784988854966582,1.0,10
623393627792773,0.015281114848630466,1
634943353304467,0.0,0
679638775501591,0.015281114848630466,1
786359394829528,0.010101010101010102,1
679640742168061,1.0,10
623394537792682,0.9857019064124783,10
824818077650326,0.0,0
685980441534091,0.0,0
752983458167122,0.9898452611218569,10
831441843654616,0.9857019064124783,10
696937027105099,0.9992887624466572,10
766432903488844,0.015281114848630466,1
747742298691238,1.0,10
713076758824459,1.0,10
713077725491029,0.9898452611218569,10
696944530437682,0.0,0
702105489921586,0.033482142857142856,1
828337207298413,0.0,0
770022839796517,0.9992887624466572,10
661193674012768,0.01179245283018868,1
778324218966379,0.015281114848630466,1
759017194230415,0.9857019064124783,10
623394484459354,1.0,10
760324924099642,1.0,10
743927155739419,0.9857019064124783,10
